Name,Code,Code description,Easting,Northing,Elevation,Description,Longitude,Latitude,Ellipsoidal height,Origin,Easting RMS,Northing RMS,Elevation RMS,Lateral RMS,Antenna height,Antenna height units,Solution status,Correction type,Averaging start,Averaging end,Samples,PDOP,GDOP,Base easting,Base northing,Base elevation,Base longitude,Base latitude,Base ellipsoidal height,Baseline,Mount point,CS name,GPS Satellites,GLONASS Satellites,Galileo Satellites,BeiDou Satellites,QZSS Satellites,Device type,Device serial number
1,,,282604.500,4824791.789,51.291,,-5.69098451,43.54440945,51.291,Global,0.010,0.010,0.010,0.014,1.934,m,FIX,RTK,2026-04-30 11:45:56.2 UTC+02:00,2026-04-30 11:45:56.2 UTC+02:00,1,1.3,1.5,281815.044,4827675.244,156.559,-5.70190538,43.57011345,156.559,2990.861,XIXO3M,ETRS89 / UTM zone 30N,10,10,7,11,0,Reach RS3,824349ADB8F8C4C3
2,,,282611.592,4824794.936,51.207,,-5.69089809,43.54443982,51.207,Global,0.010,0.010,0.010,0.014,1.934,m,FIX,RTK,2026-04-30 11:46:01.6 UTC+02:00,2026-04-30 11:46:01.6 UTC+02:00,1,1.3,1.5,281815.044,4827675.244,156.559,-5.70190538,43.57011345,156.559,2989.712,XIXO3M,ETRS89 / UTM zone 30N,10,10,7,11,0,Reach RS3,824349ADB8F8C4C3
3,,,282615.506,4824797.321,51.191,,-5.69085065,43.54446241,51.191,Global,0.010,0.010,0.010,0.014,1.934,m,FIX,RTK,2026-04-30 11:46:04.8 UTC+02:00,2026-04-30 11:46:04.8 UTC+02:00,1,1.3,1.5,281815.044,4827675.244,156.559,-5.70190538,43.57011345,156.559,2988.461,XIXO3M,ETRS89 / UTM zone 30N,10,10,7,11,0,Reach RS3,824349ADB8F8C4C3
4,,,282618.782,4824801.792,51.089,,-5.69081193,43.54450358,51.089,Global,0.010,0.010,0.010,0.014,1.934,m,FIX,RTK,2026-04-30 11:46:09.0 UTC+02:00,2026-04-30 11:46:09.0 UTC+02:00,1,1.6,2.0,281815.044,4827675.244,156.559,-5.70190538,43.57011345,156.559,2985.041,XIXO3M,ETRS89 / UTM zone 30N,9,10,7,11,0,Reach RS3,824349ADB8F8C4C3
5,,,282618.270,4824808.007,50.965,,-5.69082075,43.54455932,50.965,Global,0.010,0.010,0.010,0.014,1.934,m,FIX,RTK,2026-04-30 11:46:13.6 UTC+02:00,2026-04-30 11:46:13.6 UTC+02:00,1,1.3,1.5,281815.044,4827675.244,156.559,-5.70190538,43.57011345,156.559,2978.927,XIXO3M,ETRS89 / UTM zone 30N,10,10,7,11,0,Reach RS3,824349ADB8F8C4C3
6,,,282612.683,4824814.274,50.778,,-5.69089234,43.54461407,50.778,Global,0.010,0.010,0.010,0.014,1.934,m,FIX,RTK,2026-04-30 11:46:19.8 UTC+02:00,2026-04-30 11:46:19.8 UTC+02:00,1,1.3,1.6,281815.044,4827675.244,156.559,-5.70190538,43.57011345,156.559,2971.399,XIXO3M,ETRS89 / UTM zone 30N,10,10,7,11,0,Reach RS3,824349ADB8F8C4C3
7,,,282605.951,4824822.230,50.749,,-5.69097877,43.54468367,50.749,Global,0.010,0.010,0.010,0.014,1.934,m,FIX,RTK,2026-04-30 11:46:27.0 UTC+02:00,2026-04-30 11:46:27.0 UTC+02:00,1,1.3,1.6,281815.044,4827675.244,156.559,-5.70190538,43.57011345,156.559,2961.939,XIXO3M,ETRS89 / UTM zone 30N,10,10,7,11,0,Reach RS3,824349ADB8F8C4C3
8,,,282598.938,4824830.418,50.610,,-5.69106876,43.54475527,50.610,Global,0.010,0.010,0.011,0.014,1.934,m,FIX,RTK,2026-04-30 11:46:34.8 UTC+02:00,2026-04-30 11:46:34.8 UTC+02:00,1,1.6,2.0,281815.044,4827675.244,156.559,-5.70190538,43.57011345,156.559,2952.192,XIXO3M,ETRS89 / UTM zone 30N,10,10,7,11,0,Reach RS3,824349ADB8F8C4C3
9,,,282592.188,4824826.232,50.627,,-5.69115054,43.54471565,50.627,Global,0.010,0.010,0.010,0.014,1.934,m,FIX,RTK,2026-04-30 11:46:42.6 UTC+02:00,2026-04-30 11:46:42.6 UTC+02:00,1,1.4,1.6,281815.044,4827675.244,156.559,-5.70190538,43.57011345,156.559,2954.441,XIXO3M,ETRS89 / UTM zone 30N,10,10,7,10,0,Reach RS3,824349ADB8F8C4C3
10,,,282587.674,4824819.503,50.607,,-5.69120367,43.54465382,50.607,Global,0.010,0.010,0.010,0.014,1.934,m,FIX,RTK,2026-04-30 11:46:49.6 UTC+02:00,2026-04-30 11:46:49.6 UTC+02:00,1,1.3,1.5,281815.044,4827675.244,156.559,-5.70190538,43.57011345,156.559,2959.748,XIXO3M,ETRS89 / UTM zone 30N,10,10,7,11,0,Reach RS3,824349ADB8F8C4C3
11,,,282581.503,4824811.722,50.611,,-5.69127686,43.54458203,50.611,Global,0.010,0.010,0.010,0.014,1.934,m,FIX,RTK,2026-04-30 11:47:00.2 UTC+02:00,2026-04-30 11:47:00.2 UTC+02:00,1,1.3,1.5,281815.044,4827675.244,156.559,-5.70190538,43.57011345,156.559,2965.654,XIXO3M,ETRS89 / UTM zone 30N,10,10,7,11,0,Reach RS3,824349ADB8F8C4C3
12,,,282574.230,4824811.824,50.525,,-5.69136683,43.54458083,50.525,Global,0.010,0.010,0.010,0.014,1.934,m,FIX,RTK,2026-04-30 11:47:10.2 UTC+02:00,2026-04-30 11:47:10.2 UTC+02:00,1,1.6,1.8,281815.044,4827675.244,156.559,-5.70190538,43.57011345,156.559,2963.687,XIXO3M,ETRS89 / UTM zone 30N,10,10,7,11,0,Reach RS3,824349ADB8F8C4C3
13,,,282571.732,4824811.535,50.608,,-5.69139760,43.54457750,50.608,Global,0.010,0.010,0.010,0.014,1.934,m,FIX,RTK,2026-04-30 11:47:35.0 UTC+02:00,2026-04-30 11:47:35.0 UTC+02:00,1,1.5,1.8,281815.044,4827675.244,156.559,-5.70190538,43.57011345,156.559,2963.325,XIXO3M,ETRS89 / UTM zone 30N,10,10,7,11,0,Reach RS3,824349ADB8F8C4C3
14,,,282565.531,4824799.980,50.700,,-5.69146964,43.54447177,50.700,Global,0.010,0.010,0.010,0.014,1.934,m,FIX,RTK,2026-04-30 11:47:51.4 UTC+02:00,2026-04-30 11:47:51.4 UTC+02:00,1,1.2,1.4,281815.044,4827675.244,156.559,-5.70190538,43.57011345,156.559,2972.915,XIXO3M,ETRS89 / UTM zone 30N,10,10,7,11,0,Reach RS3,824349ADB8F8C4C3
15,,,282566.429,4824793.861,50.761,,-5.69145609,43.54441699,50.761,Global,0.010,0.010,0.011,0.014,1.934,m,FIX,RTK,2026-04-30 11:47:56.4 UTC+02:00,2026-04-30 11:47:56.4 UTC+02:00,1,1.2,1.4,281815.044,4827675.244,156.559,-5.70190538,43.57011345,156.559,2979.056,XIXO3M,ETRS89 / UTM zone 30N,10,10,7,11,0,Reach RS3,824349ADB8F8C4C3
16,,,282565.451,4824788.470,50.866,,-5.69146602,43.54436822,50.866,Global,0.010,0.010,0.010,0.014,1.934,m,FIX,RTK,2026-04-30 11:48:00.6 UTC+02:00,2026-04-30 11:48:00.6 UTC+02:00,1,1.3,1.5,281815.044,4827675.244,156.559,-5.70190538,43.57011345,156.559,2984.019,XIXO3M,ETRS89 / UTM zone 30N,10,10,7,11,0,Reach RS3,824349ADB8F8C4C3
17,,,282559.585,4824784.661,50.882,,-5.69153703,43.54433225,50.882,Global,0.010,0.010,0.010,0.014,1.934,m,FIX,RTK,2026-04-30 11:48:06.0 UTC+02:00,2026-04-30 11:48:06.0 UTC+02:00,1,1.5,1.8,281815.044,4827675.244,156.559,-5.70190538,43.57011345,156.559,2986.235,XIXO3M,ETRS89 / UTM zone 30N,9,10,7,11,0,Reach RS3,824349ADB8F8C4C3
18,,,282549.174,4824784.051,50.905,,-5.69166551,43.54432374,50.905,Global,0.010,0.010,0.010,0.014,1.934,m,FIX,RTK,2026-04-30 11:48:13.8 UTC+02:00,2026-04-30 11:48:13.8 UTC+02:00,1,1.5,1.8,281815.044,4827675.244,156.559,-5.70190538,43.57011345,156.559,2984.246,XIXO3M,ETRS89 / UTM zone 30N,10,10,7,11,0,Reach RS3,824349ADB8F8C4C3
19,,,282538.667,4824779.921,51.008,,-5.69179379,43.54428353,51.008,Global,0.010,0.010,0.011,0.014,1.934,m,FIX,RTK,2026-04-30 11:48:22.4 UTC+02:00,2026-04-30 11:48:22.4 UTC+02:00,1,1.5,1.8,281815.044,4827675.244,156.559,-5.70190538,43.57011345,156.559,2985.680,XIXO3M,ETRS89 / UTM zone 30N,10,10,7,11,0,Reach RS3,824349ADB8F8C4C3
20,,,282527.762,4824777.170,51.066,,-5.69192751,43.54425561,51.066,Global,0.010,0.010,0.010,0.014,1.934,m,FIX,RTK,2026-04-30 11:48:30.4 UTC+02:00,2026-04-30 11:48:30.4 UTC+02:00,1,1.7,2.0,281815.044,4827675.244,156.559,-5.70190538,43.57011345,156.559,2985.723,XIXO3M,ETRS89 / UTM zone 30N,9,10,7,11,0,Reach RS3,824349ADB8F8C4C3
21,,,282518.206,4824775.807,51.142,,-5.69204513,43.54424057,51.142,Global,0.010,0.010,0.010,0.014,1.934,m,FIX,RTK,2026-04-30 11:48:37.4 UTC+02:00,2026-04-30 11:48:37.4 UTC+02:00,1,1.8,2.0,281815.044,4827675.244,156.559,-5.70190538,43.57011345,156.559,2984.778,XIXO3M,ETRS89 / UTM zone 30N,10,10,7,11,0,Reach RS3,824349ADB8F8C4C3
22,,,282516.989,4824773.181,51.224,,-5.69205912,43.54421659,51.224,Global,0.010,0.010,0.012,0.014,1.934,m,FIX,RTK,2026-04-30 11:48:41.2 UTC+02:00,2026-04-30 11:48:41.2 UTC+02:00,1,1.6,1.9,281815.044,4827675.244,156.559,-5.70190538,43.57011345,156.559,2987.040,XIXO3M,ETRS89 / UTM zone 30N,10,10,7,11,0,Reach RS3,824349ADB8F8C4C3
23,,,282530.571,4824774.203,51.187,,-5.69189160,43.54422975,51.187,Global,0.010,0.010,0.011,0.014,1.934,m,FIX,RTK,2026-04-30 11:48:51.0 UTC+02:00,2026-04-30 11:48:51.0 UTC+02:00,1,1.3,1.6,281815.044,4827675.244,156.559,-5.70190538,43.57011345,156.559,2989.269,XIXO3M,ETRS89 / UTM zone 30N,10,10,7,11,0,Reach RS3,824349ADB8F8C4C3
24,,,282545.916,4824775.468,51.144,,-5.69170236,43.54424559,51.144,Global,0.010,0.010,0.012,0.014,1.934,m,FIX,RTK,2026-04-30 11:49:03.4 UTC+02:00,2026-04-30 11:49:03.4 UTC+02:00,1,1.5,1.8,281815.044,4827675.244,156.559,-5.70190538,43.57011345,156.559,2991.754,XIXO3M,ETRS89 / UTM zone 30N,10,9,7,12,0,Reach RS3,824349ADB8F8C4C3
25,,,282555.076,4824776.703,51.107,,-5.69158960,43.54425937,51.107,Global,0.010,0.010,0.011,0.014,1.934,m,FIX,RTK,2026-04-30 11:49:10.2 UTC+02:00,2026-04-30 11:49:10.2 UTC+02:00,1,1.3,1.6,281815.044,4827675.244,156.559,-5.70190538,43.57011345,156.559,2992.810,XIXO3M,ETRS89 / UTM zone 30N,10,10,7,12,0,Reach RS3,824349ADB8F8C4C3
26,,,282583.148,4824785.693,50.897,,-5.69124609,43.54434840,50.897,Global,0.010,0.010,0.010,0.014,1.934,m,FIX,RTK,2026-04-30 11:49:33.4 UTC+02:00,2026-04-30 11:49:33.4 UTC+02:00,1,1.5,1.8,281815.044,4827675.244,156.559,-5.70190538,43.57011345,156.559,2991.197,XIXO3M,ETRS89 / UTM zone 30N,10,10,7,12,0,Reach RS3,824349ADB8F8C4C3
27,,,282590.757,4824787.567,51.095,,-5.69115276,43.54436747,51.095,Global,0.010,0.010,0.015,0.014,1.934,m,FIX,RTK,2026-04-30 11:49:39.0 UTC+02:00,2026-04-30 11:49:39.0 UTC+02:00,1,1.6,1.9,281815.044,4827675.244,156.559,-5.70190538,43.57011345,156.559,2991.345,XIXO3M,ETRS89 / UTM zone 30N,10,10,7,12,0,Reach RS3,824349ADB8F8C4C3
28,,,282510.116,4824793.900,50.938,,-5.69215241,43.54440094,50.938,Global,0.010,0.010,0.010,0.014,1.934,m,FIX,RTK,2026-04-30 11:50:44.4 UTC+02:00,2026-04-30 11:50:44.4 UTC+02:00,1,2.2,2.6,281815.044,4827675.244,156.559,-5.70190538,43.57011345,156.559,2965.313,XIXO3M,ETRS89 / UTM zone 30N,10,10,7,12,0,Reach RS3,824349ADB8F8C4C3
29,,,282509.084,4824801.701,50.871,,-5.69216829,43.54447081,50.871,Global,0.010,0.010,0.011,0.014,1.934,m,FIX,RTK,2026-04-30 11:50:50.2 UTC+02:00,2026-04-30 11:50:50.2 UTC+02:00,1,1.8,2.2,281815.044,4827675.244,156.559,-5.70190538,43.57011345,156.559,2957.496,XIXO3M,ETRS89 / UTM zone 30N,9,10,7,12,0,Reach RS3,824349ADB8F8C4C3
30,,,282506.071,4824805.521,50.834,,-5.69220708,43.54450428,50.834,Global,0.010,0.010,0.011,0.014,1.934,m,FIX,RTK,2026-04-30 11:50:53.6 UTC+02:00,2026-04-30 11:50:53.6 UTC+02:00,1,1.9,2.3,281815.044,4827675.244,156.559,-5.70190538,43.57011345,156.559,2953.081,XIXO3M,ETRS89 / UTM zone 30N,10,10,7,12,0,Reach RS3,824349ADB8F8C4C3
31,,,282505.418,4824812.302,50.741,,-5.69221787,43.54456509,50.741,Global,0.010,0.010,0.012,0.014,1.934,m,FIX,RTK,2026-04-30 11:50:58.2 UTC+02:00,2026-04-30 11:50:58.2 UTC+02:00,1,1.8,2.2,281815.044,4827675.244,156.559,-5.70190538,43.57011345,156.559,2946.344,XIXO3M,ETRS89 / UTM zone 30N,9,10,7,12,0,Reach RS3,824349ADB8F8C4C3
32,,,282503.844,4824816.649,50.711,,-5.69223907,43.54460373,50.711,Global,0.010,0.010,0.011,0.014,1.934,m,FIX,RTK,2026-04-30 11:51:01.6 UTC+02:00,2026-04-30 11:51:01.6 UTC+02:00,1,1.5,1.8,281815.044,4827675.244,156.559,-5.70190538,43.57011345,156.559,2941.754,XIXO3M,ETRS89 / UTM zone 30N,10,10,7,12,0,Reach RS3,824349ADB8F8C4C3
33,,,282500.687,4824819.335,50.657,,-5.69227918,43.54462697,50.657,Global,0.010,0.010,0.014,0.014,1.934,m,FIX,RTK,2026-04-30 11:51:04.6 UTC+02:00,2026-04-30 11:51:04.6 UTC+02:00,1,2.6,3.3,281815.044,4827675.244,156.559,-5.70190538,43.57011345,156.559,2938.408,XIXO3M,ETRS89 / UTM zone 30N,10,10,7,12,0,Reach RS3,824349ADB8F8C4C3
34,,,282495.562,4824819.946,50.734,,-5.69234280,43.54463097,50.734,Global,0.010,0.010,0.010,0.014,1.934,m,FIX,RTK,2026-04-30 11:51:09.2 UTC+02:00,2026-04-30 11:51:09.2 UTC+02:00,1,1.5,1.8,281815.044,4827675.244,156.559,-5.70190538,43.57011345,156.559,2936.620,XIXO3M,ETRS89 / UTM zone 30N,10,10,7,12,0,Reach RS3,824349ADB8F8C4C3
35,,,282494.740,4824816.848,50.739,,-5.69235173,43.54460287,50.739,Global,0.010,0.010,0.020,0.014,1.934,m,FIX,RTK,2026-04-30 11:51:12.0 UTC+02:00,2026-04-30 11:51:12.0 UTC+02:00,1,1.9,2.3,281815.044,4827675.244,156.559,-5.70190538,43.57011345,156.559,2939.441,XIXO3M,ETRS89 / UTM zone 30N,10,10,7,12,0,Reach RS3,824349ADB8F8C4C3
36,,,282496.313,4824810.020,50.797,,-5.69232954,43.54454191,50.797,Global,0.011,0.010,0.019,0.015,1.934,m,FIX,RTK,2026-04-30 11:51:16.8 UTC+02:00,2026-04-30 11:51:16.8 UTC+02:00,1,2.4,2.9,281815.044,4827675.244,156.559,-5.70190538,43.57011345,156.559,2946.441,XIXO3M,ETRS89 / UTM zone 30N,10,10,7,12,0,Reach RS3,824349ADB8F8C4C3
37,,,282494.034,4824806.028,50.795,,-5.69235611,43.54450534,50.795,Global,0.010,0.010,0.010,0.014,1.934,m,FIX,RTK,2026-04-30 11:51:20.2 UTC+02:00,2026-04-30 11:51:20.2 UTC+02:00,1,1.5,1.8,281815.044,4827675.244,156.559,-5.70190538,43.57011345,156.559,2949.796,XIXO3M,ETRS89 / UTM zone 30N,10,10,7,12,0,Reach RS3,824349ADB8F8C4C3
38,,,282490.563,4824803.229,50.897,,-5.69239791,43.54447915,50.897,Global,0.010,0.010,0.012,0.014,1.934,m,FIX,RTK,2026-04-30 11:51:23.8 UTC+02:00,2026-04-30 11:51:23.8 UTC+02:00,1,1.6,1.9,281815.044,4827675.244,156.559,-5.70190538,43.57011345,156.559,2951.719,XIXO3M,ETRS89 / UTM zone 30N,10,10,7,12,0,Reach RS3,824349ADB8F8C4C3
39,,,282488.515,4824797.578,50.994,,-5.69242098,43.54442773,50.994,Global,0.010,0.010,0.013,0.014,1.934,m,FIX,RTK,2026-04-30 11:51:28.0 UTC+02:00,2026-04-30 11:51:28.0 UTC+02:00,1,1.7,2.0,281815.044,4827675.244,156.559,-5.70190538,43.57011345,156.559,2956.745,XIXO3M,ETRS89 / UTM zone 30N,10,10,7,12,0,Reach RS3,824349ADB8F8C4C3
40,,,282485.326,4824796.512,51.012,,-5.69245998,43.54441721,51.012,Global,0.010,0.010,0.010,0.014,1.934,m,FIX,RTK,2026-04-30 11:51:30.4 UTC+02:00,2026-04-30 11:51:30.4 UTC+02:00,1,1.7,2.0,281815.044,4827675.244,156.559,-5.70190538,43.57011345,156.559,2957.057,XIXO3M,ETRS89 / UTM zone 30N,10,10,7,12,0,Reach RS3,824349ADB8F8C4C3
41,,,282482.996,4824799.350,51.009,,-5.69248993,43.54444206,51.009,Global,0.010,0.010,0.010,0.014,1.934,m,FIX,RTK,2026-04-30 11:51:33.0 UTC+02:00,2026-04-30 11:51:33.0 UTC+02:00,1,1.9,2.3,281815.044,4827675.244,156.559,-5.70190538,43.57011345,156.559,2953.768,XIXO3M,ETRS89 / UTM zone 30N,10,10,7,12,0,Reach RS3,824349ADB8F8C4C3
42,,,282480.262,4824820.366,50.914,,-5.69253215,43.54463029,50.914,Global,0.010,0.010,0.011,0.014,1.934,m,FIX,RTK,2026-04-30 11:51:48.6 UTC+02:00,2026-04-30 11:51:48.6 UTC+02:00,1,1.4,1.7,281815.044,4827675.244,156.559,-5.70190538,43.57011345,156.559,2932.699,XIXO3M,ETRS89 / UTM zone 30N,10,10,7,12,0,Reach RS3,824349ADB8F8C4C3
43,,,282468.667,4824832.384,50.825,,-5.69268034,43.54473500,50.825,Global,0.010,0.010,0.012,0.014,1.934,m,FIX,RTK,2026-04-30 11:52:12.6 UTC+02:00,2026-04-30 11:52:12.6 UTC+02:00,1,1.8,2.2,281815.044,4827675.244,156.559,-5.70190538,43.57011345,156.559,2918.390,XIXO3M,ETRS89 / UTM zone 30N,10,10,7,12,0,Reach RS3,824349ADB8F8C4C3
44,,,282472.519,4824839.344,50.826,,-5.69263549,43.54479872,50.826,Global,0.010,0.010,0.011,0.014,1.934,m,FIX,RTK,2026-04-30 11:52:18.0 UTC+02:00,2026-04-30 11:52:18.0 UTC+02:00,1,1.3,1.6,281815.044,4827675.244,156.559,-5.70190538,43.57011345,156.559,2912.480,XIXO3M,ETRS89 / UTM zone 30N,10,10,7,12,0,Reach RS3,824349ADB8F8C4C3
45,,,282473.181,4824846.104,50.715,,-5.69263002,43.54485972,50.715,Global,0.010,0.010,0.011,0.014,1.934,m,FIX,RTK,2026-04-30 11:52:23.6 UTC+02:00,2026-04-30 11:52:23.6 UTC+02:00,1,2.2,2.6,281815.044,4827675.244,156.559,-5.70190538,43.57011345,156.559,2906.054,XIXO3M,ETRS89 / UTM zone 30N,9,10,7,12,0,Reach RS3,824349ADB8F8C4C3
46,,,282472.200,4824848.812,50.686,,-5.69264324,43.54488378,50.686,Global,0.010,0.010,0.013,0.014,1.934,m,FIX,RTK,2026-04-30 11:52:26.4 UTC+02:00,2026-04-30 11:52:26.4 UTC+02:00,1,2.3,2.9,281815.044,4827675.244,156.559,-5.70190538,43.57011345,156.559,2903.198,XIXO3M,ETRS89 / UTM zone 30N,10,10,7,12,0,Reach RS3,824349ADB8F8C4C3
47,,,282470.148,4824849.354,50.655,,-5.69266882,43.54488806,50.655,Global,0.010,0.010,0.010,0.014,1.934,m,FIX,RTK,2026-04-30 11:52:29.0 UTC+02:00,2026-04-30 11:52:29.0 UTC+02:00,1,1.6,1.8,281815.044,4827675.244,156.559,-5.70190538,43.57011345,156.559,2902.208,XIXO3M,ETRS89 / UTM zone 30N,9,10,7,12,0,Reach RS3,824349ADB8F8C4C3
48,,,282467.091,4824846.362,50.669,,-5.69270542,43.54486026,50.669,Global,0.010,0.010,0.017,0.014,1.934,m,FIX,RTK,2026-04-30 11:52:33.6 UTC+02:00,2026-04-30 11:52:33.6 UTC+02:00,1,2.6,3.2,281815.044,4827675.244,156.559,-5.70190538,43.57011345,156.559,2904.432,XIXO3M,ETRS89 / UTM zone 30N,10,10,7,12,0,Reach RS3,824349ADB8F8C4C3
49,,,282465.016,4824843.468,50.698,,-5.69272992,43.54483363,50.698,Global,0.010,0.010,0.010,0.014,1.934,m,FIX,RTK,2026-04-30 11:52:36.6 UTC+02:00,2026-04-30 11:52:36.6 UTC+02:00,1,1.7,2.0,281815.044,4827675.244,156.559,-5.70190538,43.57011345,156.559,2906.784,XIXO3M,ETRS89 / UTM zone 30N,10,10,7,12,0,Reach RS3,824349ADB8F8C4C3
50,,,282462.862,4824841.710,50.738,,-5.69275585,43.54481718,50.738,Global,0.010,0.010,0.012,0.014,1.934,m,FIX,RTK,2026-04-30 11:52:39.8 UTC+02:00,2026-04-30 11:52:39.8 UTC+02:00,1,1.6,1.9,281815.044,4827675.244,156.559,-5.70190538,43.57011345,156.559,2908.014,XIXO3M,ETRS89 / UTM zone 30N,10,10,7,12,0,Reach RS3,824349ADB8F8C4C3
51,,,282463.793,4824838.533,50.640,,-5.69274306,43.54478889,50.640,Global,0.012,0.010,0.018,0.016,1.934,m,FIX,RTK,2026-04-30 11:52:42.6 UTC+02:00,2026-04-30 11:52:42.6 UTC+02:00,1,2.4,3.0,281815.044,4827675.244,156.559,-5.70190538,43.57011345,156.559,2911.319,XIXO3M,ETRS89 / UTM zone 30N,10,10,7,12,0,Reach RS3,824349ADB8F8C4C3
52,,,282464.393,4824834.069,50.747,,-5.69273386,43.54474891,50.747,Global,0.010,0.010,0.014,0.014,1.934,m,FIX,RTK,2026-04-30 11:52:45.8 UTC+02:00,2026-04-30 11:52:45.8 UTC+02:00,1,2.6,3.3,281815.044,4827675.244,156.559,-5.70190538,43.57011345,156.559,2915.798,XIXO3M,ETRS89 / UTM zone 30N,10,10,7,12,0,Reach RS3,824349ADB8F8C4C3
53,,,282463.811,4824830.840,50.678,,-5.69273975,43.54471969,50.678,Global,0.010,0.010,0.012,0.014,1.934,m,FIX,RTK,2026-04-30 11:52:48.2 UTC+02:00,2026-04-30 11:52:48.2 UTC+02:00,1,1.6,1.9,281815.044,4827675.244,156.559,-5.70190538,43.57011345,156.559,2918.817,XIXO3M,ETRS89 / UTM zone 30N,10,10,7,11,0,Reach RS3,824349ADB8F8C4C3
54,,,282462.199,4824827.274,50.788,,-5.69275827,43.54468715,50.788,Global,0.010,0.010,0.014,0.014,1.934,m,FIX,RTK,2026-04-30 11:52:51.0 UTC+02:00,2026-04-30 11:52:51.0 UTC+02:00,1,1.6,2.0,281815.044,4827675.244,156.559,-5.70190538,43.57011345,156.559,2921.929,XIXO3M,ETRS89 / UTM zone 30N,10,10,7,12,0,Reach RS3,824349ADB8F8C4C3
55,,,282459.728,4824825.412,50.797,,-5.69278807,43.54466969,50.797,Global,0.010,0.010,0.012,0.014,1.934,m,FIX,RTK,2026-04-30 11:52:53.2 UTC+02:00,2026-04-30 11:52:53.2 UTC+02:00,1,1.6,1.9,281815.044,4827675.244,156.559,-5.70190538,43.57011345,156.559,2923.197,XIXO3M,ETRS89 / UTM zone 30N,10,10,7,12,0,Reach RS3,824349ADB8F8C4C3
56,,,282455.416,4824827.614,50.845,,-5.69284227,43.54468823,50.845,Global,0.010,0.010,0.010,0.014,1.934,m,FIX,RTK,2026-04-30 11:52:57.0 UTC+02:00,2026-04-30 11:52:57.0 UTC+02:00,1,1.9,2.3,281815.044,4827675.244,156.559,-5.70190538,43.57011345,156.559,2920.101,XIXO3M,ETRS89 / UTM zone 30N,10,10,7,12,0,Reach RS3,824349ADB8F8C4C3
57,,,282454.185,4824831.768,50.814,,-5.69285916,43.54472524,50.814,Global,0.010,0.010,0.010,0.014,1.934,m,FIX,RTK,2026-04-30 11:53:00.0 UTC+02:00,2026-04-30 11:53:00.0 UTC+02:00,1,2.2,2.6,281815.044,4827675.244,156.559,-5.70190538,43.57011345,156.559,2915.783,XIXO3M,ETRS89 / UTM zone 30N,10,10,7,12,0,Reach RS3,824349ADB8F8C4C3
58,,,282454.472,4824835.342,50.754,,-5.69285704,43.54475747,50.754,Global,0.010,0.010,0.012,0.014,1.934,m,FIX,RTK,2026-04-30 11:53:02.6 UTC+02:00,2026-04-30 11:53:02.6 UTC+02:00,1,1.8,2.2,281815.044,4827675.244,156.559,-5.70190538,43.57011345,156.559,2912.364,XIXO3M,ETRS89 / UTM zone 30N,10,10,7,12,0,Reach RS3,824349ADB8F8C4C3
59,,,282455.920,4824839.295,50.764,,-5.69284071,43.54479345,50.764,Global,0.010,0.010,0.013,0.014,1.934,m,FIX,RTK,2026-04-30 11:53:05.6 UTC+02:00,2026-04-30 11:53:05.6 UTC+02:00,1,1.6,1.9,281815.044,4827675.244,156.559,-5.70190538,43.57011345,156.559,2908.829,XIXO3M,ETRS89 / UTM zone 30N,10,10,7,12,0,Reach RS3,824349ADB8F8C4C3
60,,,282457.846,4824843.238,50.747,,-5.69281849,43.54482946,50.747,Global,0.010,0.010,0.011,0.014,1.934,m,FIX,RTK,2026-04-30 11:53:08.8 UTC+02:00,2026-04-30 11:53:08.8 UTC+02:00,1,1.6,1.9,281815.044,4827675.244,156.559,-5.70190538,43.57011345,156.559,2905.413,XIXO3M,ETRS89 / UTM zone 30N,10,10,7,12,0,Reach RS3,824349ADB8F8C4C3
61,,,282463.894,4824850.797,50.706,,-5.69274673,43.54489922,50.706,Global,0.010,0.010,0.012,0.014,1.934,m,FIX,RTK,2026-04-30 11:53:16.4 UTC+02:00,2026-04-30 11:53:16.4 UTC+02:00,1,1.8,2.2,281815.044,4827675.244,156.559,-5.70190538,43.57011345,156.559,2899.395,XIXO3M,ETRS89 / UTM zone 30N,10,10,7,12,0,Reach RS3,824349ADB8F8C4C3
62,,,282463.496,4824852.993,50.677,,-5.69275254,43.54491885,50.677,Global,0.010,0.010,0.010,0.014,1.934,m,FIX,RTK,2026-04-30 11:53:18.8 UTC+02:00,2026-04-30 11:53:18.8 UTC+02:00,1,1.4,1.7,281815.044,4827675.244,156.559,-5.70190538,43.57011345,156.559,2897.169,XIXO3M,ETRS89 / UTM zone 30N,10,10,7,12,0,Reach RS3,824349ADB8F8C4C3
63,,,282460.291,4824856.556,50.692,,-5.69279359,43.54494996,50.692,Global,0.010,0.010,0.016,0.014,1.934,m,FIX,RTK,2026-04-30 11:53:23.4 UTC+02:00,2026-04-30 11:53:23.4 UTC+02:00,1,1.9,2.3,281815.044,4827675.244,156.559,-5.70190538,43.57011345,156.559,2892.983,XIXO3M,ETRS89 / UTM zone 30N,10,10,7,12,0,Reach RS3,824349ADB8F8C4C3
64,,,282457.618,4824859.759,50.694,,-5.69282793,43.54497800,50.694,Global,0.010,0.010,0.012,0.014,1.934,m,FIX,RTK,2026-04-30 11:53:27.6 UTC+02:00,2026-04-30 11:53:27.6 UTC+02:00,1,1.7,2.0,281815.044,4827675.244,156.559,-5.70190538,43.57011345,156.559,2889.267,XIXO3M,ETRS89 / UTM zone 30N,10,10,7,12,0,Reach RS3,824349ADB8F8C4C3
65,,,282455.843,4824861.897,50.629,,-5.69285073,43.54499671,50.629,Global,0.010,0.010,0.010,0.014,1.934,m,FIX,RTK,2026-04-30 11:53:30.8 UTC+02:00,2026-04-30 11:53:30.8 UTC+02:00,1,1.4,1.7,281815.044,4827675.244,156.559,-5.70190538,43.57011345,156.559,2886.792,XIXO3M,ETRS89 / UTM zone 30N,10,10,7,12,0,Reach RS3,824349ADB8F8C4C3
66,,,282453.708,4824866.961,50.614,,-5.69287916,43.54504163,50.614,Global,0.010,0.010,0.010,0.014,1.934,m,FIX,RTK,2026-04-30 11:53:37.4 UTC+02:00,2026-04-30 11:53:37.4 UTC+02:00,1,1.5,1.7,281815.044,4827675.244,156.559,-5.70190538,43.57011345,156.559,2881.386,XIXO3M,ETRS89 / UTM zone 30N,10,10,7,11,0,Reach RS3,824349ADB8F8C4C3
67,,,282450.026,4824871.164,50.663,,-5.69292636,43.54507837,50.663,Global,0.010,0.010,0.018,0.014,1.934,m,FIX,RTK,2026-04-30 11:53:44.4 UTC+02:00,2026-04-30 11:53:44.4 UTC+02:00,1,3.1,3.9,281815.044,4827675.244,156.559,-5.70190538,43.57011345,156.559,2876.475,XIXO3M,ETRS89 / UTM zone 30N,10,10,7,11,0,Reach RS3,824349ADB8F8C4C3
68,,,282447.397,4824872.735,50.577,,-5.69295950,43.54509173,50.577,Global,0.010,0.010,0.011,0.014,1.934,m,FIX,RTK,2026-04-30 11:53:48.0 UTC+02:00,2026-04-30 11:53:48.0 UTC+02:00,1,1.7,2.0,281815.044,4827675.244,156.559,-5.70190538,43.57011345,156.559,2874.368,XIXO3M,ETRS89 / UTM zone 30N,10,10,7,11,0,Reach RS3,824349ADB8F8C4C3
69,,,282443.739,4824874.571,50.622,,-5.69300547,43.54510718,50.622,Global,0.010,0.010,0.010,0.014,1.934,m,FIX,RTK,2026-04-30 11:53:52.6 UTC+02:00,2026-04-30 11:53:52.6 UTC+02:00,1,1.8,2.1,281815.044,4827675.244,156.559,-5.70190538,43.57011345,156.559,2871.773,XIXO3M,ETRS89 / UTM zone 30N,9,10,7,12,0,Reach RS3,824349ADB8F8C4C3
70,,,282439.785,4824876.833,50.554,,-5.69305527,43.54512637,50.554,Global,0.010,0.010,0.013,0.014,1.934,m,FIX,RTK,2026-04-30 11:53:57.4 UTC+02:00,2026-04-30 11:53:57.4 UTC+02:00,1,1.5,1.8,281815.044,4827675.244,156.559,-5.70190538,43.57011345,156.559,2868.707,XIXO3M,ETRS89 / UTM zone 30N,10,10,7,12,0,Reach RS3,824349ADB8F8C4C3
71,,,282436.542,4824881.233,50.652,,-5.69309713,43.54516500,50.652,Global,0.010,0.010,0.010,0.014,1.934,m,FIX,RTK,2026-04-30 11:54:03.4 UTC+02:00,2026-04-30 11:54:03.4 UTC+02:00,1,1.4,1.7,281815.044,4827675.244,156.559,-5.70190538,43.57011345,156.559,2863.708,XIXO3M,ETRS89 / UTM zone 30N,10,10,7,12,0,Reach RS3,824349ADB8F8C4C3
72,,,282434.083,4824885.939,50.642,,-5.69312942,43.54520661,50.642,Global,0.010,0.010,0.010,0.014,1.934,m,FIX,RTK,2026-04-30 11:54:09.2 UTC+02:00,2026-04-30 11:54:09.2 UTC+02:00,1,1.5,1.8,281815.044,4827675.244,156.559,-5.70190538,43.57011345,156.559,2858.585,XIXO3M,ETRS89 / UTM zone 30N,10,10,7,12,0,Reach RS3,824349ADB8F8C4C3
73,,,282432.475,4824889.419,50.579,,-5.69315070,43.54523744,50.579,Global,0.010,0.010,0.013,0.014,1.934,m,FIX,RTK,2026-04-30 11:54:13.4 UTC+02:00,2026-04-30 11:54:13.4 UTC+02:00,1,1.9,2.4,281815.044,4827675.244,156.559,-5.70190538,43.57011345,156.559,2854.845,XIXO3M,ETRS89 / UTM zone 30N,10,10,7,12,0,Reach RS3,824349ADB8F8C4C3
74,,,282430.535,4824893.170,50.551,,-5.69317619,43.54527061,50.551,Global,0.010,0.010,0.010,0.014,1.934,m,FIX,RTK,2026-04-30 11:54:17.8 UTC+02:00,2026-04-30 11:54:17.8 UTC+02:00,1,1.5,1.8,281815.044,4827675.244,156.559,-5.70190538,43.57011345,156.559,2850.768,XIXO3M,ETRS89 / UTM zone 30N,10,10,7,12,0,Reach RS3,824349ADB8F8C4C3
75,,,282426.035,4824898.677,50.656,,-5.69323404,43.54531884,50.656,Global,0.010,0.010,0.011,0.014,1.934,m,FIX,RTK,2026-04-30 11:54:25.0 UTC+02:00,2026-04-30 11:54:25.0 UTC+02:00,1,1.7,2.0,281815.044,4827675.244,156.559,-5.70190538,43.57011345,156.559,2844.422,XIXO3M,ETRS89 / UTM zone 30N,10,10,7,12,0,Reach RS3,824349ADB8F8C4C3
76,,,282422.280,4824902.260,50.605,,-5.69328191,43.54534996,50.605,Global,0.010,0.010,0.010,0.014,1.934,m,FIX,RTK,2026-04-30 11:54:30.2 UTC+02:00,2026-04-30 11:54:30.2 UTC+02:00,1,1.5,1.7,281815.044,4827675.244,156.559,-5.70190538,43.57011345,156.559,2840.123,XIXO3M,ETRS89 / UTM zone 30N,10,10,7,12,0,Reach RS3,824349ADB8F8C4C3
77,,,282420.241,4824908.106,50.629,50,-5.69330946,43.54540195,50.629,Global,0.010,0.010,0.014,0.014,1.934,m,FIX,RTK,2026-04-30 11:54:51.2 UTC+02:00,2026-04-30 11:54:51.2 UTC+02:00,1,1.4,1.6,281815.044,4827675.244,156.559,-5.70190538,43.57011345,156.559,2833.981,XIXO3M,ETRS89 / UTM zone 30N,10,10,7,11,0,Reach RS3,824349ADB8F8C4C3
78,,,282413.433,4824917.725,50.511,50,-5.69339750,43.54548648,50.511,Global,0.010,0.010,0.010,0.014,1.934,m,FIX,RTK,2026-04-30 11:55:06.2 UTC+02:00,2026-04-30 11:55:06.2 UTC+02:00,1,1.8,2.2,281815.044,4827675.244,156.559,-5.70190538,43.57011345,156.559,2823.146,XIXO3M,ETRS89 / UTM zone 30N,10,10,7,12,0,Reach RS3,824349ADB8F8C4C3
79,,,282403.089,4824922.468,50.661,100,-5.69352730,43.54552613,50.661,Global,0.010,0.010,0.010,0.014,1.934,m,FIX,RTK,2026-04-30 11:55:22.8 UTC+02:00,2026-04-30 11:55:22.8 UTC+02:00,1,1.7,2.0,281815.044,4827675.244,156.559,-5.70190538,43.57011345,156.559,2816.332,XIXO3M,ETRS89 / UTM zone 30N,10,10,7,12,0,Reach RS3,824349ADB8F8C4C3
80,,,282397.368,4824935.605,50.674,80,-5.69360330,43.54564262,50.674,Global,0.010,0.010,0.010,0.014,1.934,m,FIX,RTK,2026-04-30 11:55:44.2 UTC+02:00,2026-04-30 11:55:44.2 UTC+02:00,1,1.9,2.3,281815.044,4827675.244,156.559,-5.70190538,43.57011345,156.559,2802.302,XIXO3M,ETRS89 / UTM zone 30N,10,10,7,12,0,Reach RS3,824349ADB8F8C4C3
81,,,282391.369,4824942.516,50.528,20,-5.69368025,43.54570302,50.528,Global,0.010,0.010,0.011,0.014,1.934,m,FIX,RTK,2026-04-30 11:55:59.6 UTC+02:00,2026-04-30 11:55:59.6 UTC+02:00,1,1.9,2.2,281815.044,4827675.244,156.559,-5.70190538,43.57011345,156.559,2794.312,XIXO3M,ETRS89 / UTM zone 30N,10,10,7,12,0,Reach RS3,824349ADB8F8C4C3
82,,,282384.058,4824945.021,50.594,20,-5.69377166,43.54572342,50.594,Global,0.010,0.010,0.014,0.014,1.934,m,FIX,RTK,2026-04-30 11:56:09.0 UTC+02:00,2026-04-30 11:56:09.0 UTC+02:00,1,1.4,1.7,281815.044,4827675.244,156.559,-5.70190538,43.57011345,156.559,2790.360,XIXO3M,ETRS89 / UTM zone 30N,10,9,7,11,0,Reach RS3,824349ADB8F8C4C3
83,,,282376.707,4824959.734,50.601,40,-5.69386845,43.54585361,50.601,Global,0.010,0.010,0.010,0.014,1.934,m,FIX,RTK,2026-04-30 11:56:30.2 UTC+02:00,2026-04-30 11:56:30.2 UTC+02:00,1,1.5,1.8,281815.044,4827675.244,156.559,-5.70190538,43.57011345,156.559,2774.473,XIXO3M,ETRS89 / UTM zone 30N,10,10,7,11,0,Reach RS3,824349ADB8F8C4C3
84,,,282371.202,4824971.691,50.611,100,-5.69394131,43.54595955,50.611,Global,0.010,0.010,0.010,0.014,1.934,m,FIX,RTK,2026-04-30 11:56:45.8 UTC+02:00,2026-04-30 11:56:45.8 UTC+02:00,1,1.4,1.7,281815.044,4827675.244,156.559,-5.70190538,43.57011345,156.559,2761.662,XIXO3M,ETRS89 / UTM zone 30N,10,9,7,11,0,Reach RS3,824349ADB8F8C4C3
85,,,282366.258,4824977.847,50.517,100,-5.69400492,43.54601348,50.517,Global,0.010,0.010,0.011,0.014,1.934,m,FIX,RTK,2026-04-30 11:56:55.4 UTC+02:00,2026-04-30 11:56:55.4 UTC+02:00,1,2.3,2.8,281815.044,4827675.244,156.559,-5.70190538,43.57011345,156.559,2754.648,XIXO3M,ETRS89 / UTM zone 30N,10,8,7,11,0,Reach RS3,824349ADB8F8C4C3
86,,,282357.825,4824987.266,50.579,100,-5.69411297,43.54609574,50.579,Global,0.010,0.010,0.011,0.014,1.934,m,FIX,RTK,2026-04-30 11:57:11.0 UTC+02:00,2026-04-30 11:57:11.0 UTC+02:00,1,1.5,1.8,281815.044,4827675.244,156.559,-5.70190538,43.57011345,156.559,2743.745,XIXO3M,ETRS89 / UTM zone 30N,10,9,7,11,0,Reach RS3,824349ADB8F8C4C3
87,,,282356.359,4824990.419,50.559,100,-5.69413236,43.54612367,50.559,Global,0.010,0.010,0.013,0.014,1.934,m,FIX,RTK,2026-04-30 11:57:15.6 UTC+02:00,2026-04-30 11:57:15.6 UTC+02:00,1,1.6,1.9,281815.044,4827675.244,156.559,-5.70190538,43.57011345,156.559,2740.369,XIXO3M,ETRS89 / UTM zone 30N,10,9,7,11,0,Reach RS3,824349ADB8F8C4C3
88,,,282352.954,4824996.508,50.505,100,-5.69417691,43.54617745,50.505,Global,0.010,0.010,0.015,0.014,1.934,m,FIX,RTK,2026-04-30 11:57:25.2 UTC+02:00,2026-04-30 11:57:25.2 UTC+02:00,1,1.9,2.4,281815.044,4827675.244,156.559,-5.70190538,43.57011345,156.559,2733.735,XIXO3M,ETRS89 / UTM zone 30N,10,9,7,11,0,Reach RS3,824349ADB8F8C4C3
89,,,282350.030,4824998.172,50.490,100,-5.69421373,43.54619156,50.490,Global,0.013,0.010,0.024,0.016,1.934,m,FIX,RTK,2026-04-30 11:57:30.4 UTC+02:00,2026-04-30 11:57:30.4 UTC+02:00,1,1.8,2.2,281815.044,4827675.244,156.559,-5.70190538,43.57011345,156.559,2731.532,XIXO3M,ETRS89 / UTM zone 30N,10,9,7,11,0,Reach RS3,824349ADB8F8C4C3
90,,,282345.609,4824999.087,50.629,100,-5.69426876,43.54619850,50.629,Global,0.011,0.010,0.021,0.015,1.934,m,FIX,RTK,2026-04-30 11:57:36.8 UTC+02:00,2026-04-30 11:57:36.8 UTC+02:00,1,1.9,2.3,281815.044,4827675.244,156.559,-5.70190538,43.57011345,156.559,2729.768,XIXO3M,ETRS89 / UTM zone 30N,10,9,7,11,0,Reach RS3,824349ADB8F8C4C3
91,,,282341.675,4824999.846,50.660,100,-5.69431770,43.54620418,50.660,Global,0.014,0.013,0.021,0.019,1.934,m,FIX,RTK,2026-04-30 11:57:42.2 UTC+02:00,2026-04-30 11:57:42.2 UTC+02:00,1,1.9,2.2,281815.044,4827675.244,156.559,-5.70190538,43.57011345,156.559,2728.261,XIXO3M,ETRS89 / UTM zone 30N,10,9,7,11,0,Reach RS3,824349ADB8F8C4C3
92,,,282338.929,4824997.510,50.809,100,-5.69435073,43.54618236,50.809,Global,0.010,0.010,0.011,0.014,1.934,m,FIX,RTK,2026-04-30 11:57:47.0 UTC+02:00,2026-04-30 11:57:47.0 UTC+02:00,1,1.7,2.0,281815.044,4827675.244,156.559,-5.70190538,43.57011345,156.559,2730.018,XIXO3M,ETRS89 / UTM zone 30N,9,9,7,11,0,Reach RS3,824349ADB8F8C4C3
93,,,282334.991,4824994.703,50.830,100,-5.69439830,43.54615597,50.830,Global,0.012,0.011,0.016,0.016,1.934,m,FIX,RTK,2026-04-30 11:57:51.6 UTC+02:00,2026-04-30 11:57:51.6 UTC+02:00,1,1.8,2.1,281815.044,4827675.244,156.559,-5.70190538,43.57011345,156.559,2732.018,XIXO3M,ETRS89 / UTM zone 30N,10,9,7,11,0,Reach RS3,824349ADB8F8C4C3
94,,,282329.978,4824993.177,51.018,100,-5.69445967,43.54614078,51.018,Global,0.011,0.013,0.018,0.017,1.934,m,FIX,RTK,2026-04-30 11:57:56.6 UTC+02:00,2026-04-30 11:57:56.6 UTC+02:00,1,1.6,1.9,281815.044,4827675.244,156.559,-5.70190538,43.57011345,156.559,2732.558,XIXO3M,ETRS89 / UTM zone 30N,9,9,7,11,0,Reach RS3,824349ADB8F8C4C3
95,,,282326.614,4824988.906,51.256,100,-5.69449956,43.54610139,51.256,Global,0.010,0.010,0.012,0.014,1.934,m,FIX,RTK,2026-04-30 11:58:02.2 UTC+02:00,2026-04-30 11:58:02.2 UTC+02:00,1,1.7,2.0,281815.044,4827675.244,156.559,-5.70190538,43.57011345,156.559,2736.109,XIXO3M,ETRS89 / UTM zone 30N,10,9,7,11,0,Reach RS3,824349ADB8F8C4C3
96,,,282326.093,4824977.956,51.719,80,-5.69450161,43.54600275,51.719,Global,0.011,0.010,0.016,0.015,1.934,m,FIX,RTK,2026-04-30 11:58:15.0 UTC+02:00,2026-04-30 11:58:15.0 UTC+02:00,1,2.0,2.4,281815.044,4827675.244,156.559,-5.70190538,43.57011345,156.559,2746.743,XIXO3M,ETRS89 / UTM zone 30N,9,9,7,11,0,Reach RS3,824349ADB8F8C4C3
97,,,282332.051,4824964.677,51.746,50,-5.69442261,43.54588505,51.746,Global,0.010,0.010,0.017,0.014,1.934,m,FIX,RTK,2026-04-30 11:58:28.0 UTC+02:00,2026-04-30 11:58:28.0 UTC+02:00,1,2.6,3.2,281815.044,4827675.244,156.559,-5.70190538,43.57011345,156.559,2760.888,XIXO3M,ETRS89 / UTM zone 30N,10,9,7,11,0,Reach RS3,824349ADB8F8C4C3
98,,,282335.600,4824954.005,51.755,50,-5.69437445,43.54579010,51.755,Global,0.010,0.010,0.015,0.014,1.934,m,FIX,RTK,2026-04-30 11:58:38.6 UTC+02:00,2026-04-30 11:58:38.6 UTC+02:00,1,2.0,2.5,281815.044,4827675.244,156.559,-5.70190538,43.57011345,156.559,2772.026,XIXO3M,ETRS89 / UTM zone 30N,10,9,7,11,0,Reach RS3,824349ADB8F8C4C3
99,,,282344.388,4824943.104,51.436,50,-5.69426142,43.54569461,51.436,Global,0.011,0.010,0.017,0.015,1.934,m,FIX,RTK,2026-04-30 11:58:49.2 UTC+02:00,2026-04-30 11:58:49.2 UTC+02:00,1,1.6,2.0,281815.044,4827675.244,156.559,-5.70190538,43.57011345,156.559,2784.393,XIXO3M,ETRS89 / UTM zone 30N,10,9,7,11,0,Reach RS3,824349ADB8F8C4C3
100,,,282352.295,4824931.861,51.265,50,-5.69415914,43.54559580,51.265,Global,0.010,0.010,0.013,0.014,1.934,m,FIX,RTK,2026-04-30 11:58:59.0 UTC+02:00,2026-04-30 11:58:59.0 UTC+02:00,1,1.6,2.0,281815.044,4827675.244,156.559,-5.70190538,43.57011345,156.559,2796.936,XIXO3M,ETRS89 / UTM zone 30N,10,9,7,11,0,Reach RS3,824349ADB8F8C4C3
101,,,282354.563,4824925.271,51.357,50,-5.69412845,43.54553719,51.357,Global,0.014,0.010,0.025,0.017,1.934,m,FIX,RTK,2026-04-30 11:59:04.2 UTC+02:00,2026-04-30 11:59:04.2 UTC+02:00,1,2.6,3.3,281815.044,4827675.244,156.559,-5.70190538,43.57011345,156.559,2803.830,XIXO3M,ETRS89 / UTM zone 30N,9,9,7,11,0,Reach RS3,824349ADB8F8C4C3
102,,,282359.242,4824920.777,51.127,50,-5.69406880,43.54549813,51.127,Global,0.010,0.010,0.017,0.014,1.934,m,FIX,RTK,2026-04-30 11:59:09.2 UTC+02:00,2026-04-30 11:59:09.2 UTC+02:00,1,2.0,2.5,281815.044,4827675.244,156.559,-5.70190538,43.57011345,156.559,2809.147,XIXO3M,ETRS89 / UTM zone 30N,10,8,7,10,0,Reach RS3,824349ADB8F8C4C3
103,,,282363.194,4824905.527,51.430,20,-5.69401382,43.54536212,51.430,Global,0.010,0.010,0.017,0.014,1.934,m,FIX,RTK,2026-04-30 11:59:27.8 UTC+02:00,2026-04-30 11:59:27.8 UTC+02:00,1,2.0,2.4,281815.044,4827675.244,156.559,-5.70190538,43.57011345,156.559,2824.850,XIXO3M,ETRS89 / UTM zone 30N,10,8,7,10,0,Reach RS3,824349ADB8F8C4C3
104,,,282364.634,4824896.976,51.725,20,-5.69399259,43.54528563,51.725,Global,0.010,0.010,0.021,0.014,1.934,m,FIX,RTK,2026-04-30 11:59:34.6 UTC+02:00,2026-04-30 11:59:34.6 UTC+02:00,1,2.2,2.8,281815.044,4827675.244,156.559,-5.70190538,43.57011345,156.559,2833.500,XIXO3M,ETRS89 / UTM zone 30N,10,8,7,11,0,Reach RS3,824349ADB8F8C4C3
105,,,282367.759,4824888.337,51.927,20,-5.69395049,43.54520884,51.927,Global,0.010,0.010,0.016,0.014,1.934,m,FIX,RTK,2026-04-30 11:59:41.4 UTC+02:00,2026-04-30 11:59:41.4 UTC+02:00,1,2.0,2.4,281815.044,4827675.244,156.559,-5.70190538,43.57011345,156.559,2842.567,XIXO3M,ETRS89 / UTM zone 30N,10,8,7,11,0,Reach RS3,824349ADB8F8C4C3
106,,,282369.882,4824878.643,52.177,20,-5.69392034,43.54512227,52.177,Global,0.010,0.010,0.013,0.014,1.934,m,FIX,RTK,2026-04-30 11:59:49.0 UTC+02:00,2026-04-30 11:59:49.0 UTC+02:00,1,2.0,2.5,281815.044,4827675.244,156.559,-5.70190538,43.57011345,156.559,2852.472,XIXO3M,ETRS89 / UTM zone 30N,9,8,7,11,0,Reach RS3,824349ADB8F8C4C3
107,,,282373.648,4824872.689,52.150,20,-5.69387139,43.54506981,52.150,Global,0.010,0.010,0.014,0.014,1.934,m,FIX,RTK,2026-04-30 11:59:54.8 UTC+02:00,2026-04-30 11:59:54.8 UTC+02:00,1,1.8,2.2,281815.044,4827675.244,156.559,-5.70190538,43.57011345,156.559,2859.042,XIXO3M,ETRS89 / UTM zone 30N,10,8,7,11,0,Reach RS3,824349ADB8F8C4C3
108,,,282377.907,4824862.987,52.388,20,-5.69381484,43.54498379,52.388,Global,0.010,0.010,0.018,0.014,1.934,m,FIX,RTK,2026-04-30 12:00:03.2 UTC+02:00,2026-04-30 12:00:03.2 UTC+02:00,1,2.1,2.6,281815.044,4827675.244,156.559,-5.70190538,43.57011345,156.559,2869.373,XIXO3M,ETRS89 / UTM zone 30N,10,8,7,11,0,Reach RS3,824349ADB8F8C4C3
109,,,282384.651,4824857.431,52.099,100,-5.69372923,43.54493579,52.099,Global,0.010,0.010,0.010,0.014,1.934,m,FIX,RTK,2026-04-30 12:00:10.4 UTC+02:00,2026-04-30 12:00:10.4 UTC+02:00,1,1.5,1.8,281815.044,4827675.244,156.559,-5.70190538,43.57011345,156.559,2876.155,XIXO3M,ETRS89 / UTM zone 30N,10,8,7,11,0,Reach RS3,824349ADB8F8C4C3
110,,,282388.577,4824852.634,51.981,100,-5.69367875,43.54489379,51.981,Global,0.010,0.010,0.015,0.014,1.934,m,FIX,RTK,2026-04-30 12:00:16.4 UTC+02:00,2026-04-30 12:00:16.4 UTC+02:00,1,1.5,1.8,281815.044,4827675.244,156.559,-5.70190538,43.57011345,156.559,2881.635,XIXO3M,ETRS89 / UTM zone 30N,9,8,7,11,0,Reach RS3,824349ADB8F8C4C3
111,,,282388.212,4824846.253,52.352,,-5.69368072,43.54483629,52.352,Global,0.010,0.010,0.010,0.014,1.934,m,FIX,RTK,2026-04-30 12:00:43.0 UTC+02:00,2026-04-30 12:00:43.0 UTC+02:00,1,1.8,2.1,281815.044,4827675.244,156.559,-5.70190538,43.57011345,156.559,2887.799,XIXO3M,ETRS89 / UTM zone 30N,10,8,7,11,0,Reach RS3,824349ADB8F8C4C3
112,,,282391.339,4824842.096,52.290,,-5.69364039,43.54479981,52.290,Global,0.010,0.010,0.012,0.014,1.934,m,FIX,RTK,2026-04-30 12:00:47.0 UTC+02:00,2026-04-30 12:00:47.0 UTC+02:00,1,1.9,2.3,281815.044,4827675.244,156.559,-5.70190538,43.57011345,156.559,2892.493,XIXO3M,ETRS89 / UTM zone 30N,10,8,7,11,0,Reach RS3,824349ADB8F8C4C3
113,,,282395.221,4824837.391,52.175,,-5.69359050,43.54475863,52.175,Global,0.010,0.010,0.015,0.014,1.934,m,FIX,RTK,2026-04-30 12:00:51.0 UTC+02:00,2026-04-30 12:00:51.0 UTC+02:00,1,1.8,2.2,281815.044,4827675.244,156.559,-5.70190538,43.57011345,156.559,2897.878,XIXO3M,ETRS89 / UTM zone 30N,10,8,7,11,0,Reach RS3,824349ADB8F8C4C3
114,,,282402.683,4824828.259,52.131,,-5.69349457,43.54467867,52.131,Global,0.010,0.010,0.015,0.014,1.934,m,FIX,RTK,2026-04-30 12:00:59.0 UTC+02:00,2026-04-30 12:00:59.0 UTC+02:00,1,1.9,2.3,281815.044,4827675.244,156.559,-5.70190538,43.57011345,156.559,2908.319,XIXO3M,ETRS89 / UTM zone 30N,10,8,7,11,0,Reach RS3,824349ADB8F8C4C3
115,,,282411.797,4824819.336,52.132,,-5.69337829,43.54460107,52.132,Global,0.010,0.010,0.010,0.014,1.934,m,FIX,RTK,2026-04-30 12:01:09.8 UTC+02:00,2026-04-30 12:01:09.8 UTC+02:00,1,1.4,1.6,281815.044,4827675.244,156.559,-5.70190538,43.57011345,156.559,2918.900,XIXO3M,ETRS89 / UTM zone 30N,10,8,7,11,0,Reach RS3,824349ADB8F8C4C3
116,,,282422.866,4824811.527,51.836,,-5.69323830,43.54453406,51.836,Global,0.010,0.010,0.013,0.014,1.934,m,FIX,RTK,2026-04-30 12:01:20.2 UTC+02:00,2026-04-30 12:01:20.2 UTC+02:00,1,1.4,1.7,281815.044,4827675.244,156.559,-5.70190538,43.57011345,156.559,2928.826,XIXO3M,ETRS89 / UTM zone 30N,10,8,7,11,0,Reach RS3,824349ADB8F8C4C3
117,,,282429.824,4824806.285,51.758,,-5.69315017,43.54448894,51.758,Global,0.011,0.010,0.015,0.015,1.934,m,FIX,RTK,2026-04-30 12:01:26.8 UTC+02:00,2026-04-30 12:01:26.8 UTC+02:00,1,1.9,2.3,281815.044,4827675.244,156.559,-5.70190538,43.57011345,156.559,2935.401,XIXO3M,ETRS89 / UTM zone 30N,10,8,7,11,0,Reach RS3,824349ADB8F8C4C3
118,,,282436.736,4824801.392,51.794,,-5.69306274,43.54444694,51.794,Global,0.010,0.010,0.012,0.014,1.934,m,FIX,RTK,2026-04-30 12:01:32.6 UTC+02:00,2026-04-30 12:01:32.6 UTC+02:00,1,1.7,2.1,281815.044,4827675.244,156.559,-5.70190538,43.57011345,156.559,2941.633,XIXO3M,ETRS89 / UTM zone 30N,10,8,7,11,0,Reach RS3,824349ADB8F8C4C3
119,,,282444.756,4824796.374,51.660,,-5.69296156,43.54440415,51.660,Global,0.010,0.010,0.010,0.014,1.934,m,FIX,RTK,2026-04-30 12:01:39.2 UTC+02:00,2026-04-30 12:01:39.2 UTC+02:00,1,1.3,1.5,281815.044,4827675.244,156.559,-5.70190538,43.57011345,156.559,2948.241,XIXO3M,ETRS89 / UTM zone 30N,10,8,7,11,0,Reach RS3,824349ADB8F8C4C3
120,,,282450.215,4824793.391,51.599,,-5.69289287,43.54437891,51.599,Global,0.013,0.010,0.018,0.016,1.934,m,FIX,RTK,2026-04-30 12:01:43.4 UTC+02:00,2026-04-30 12:01:43.4 UTC+02:00,1,1.5,1.8,281815.044,4827675.244,156.559,-5.70190538,43.57011345,156.559,2952.324,XIXO3M,ETRS89 / UTM zone 30N,10,8,7,11,0,Reach RS3,824349ADB8F8C4C3
121,,,282455.561,4824790.836,51.556,,-5.69282574,43.54435749,51.556,Global,0.010,0.010,0.010,0.014,1.934,m,FIX,RTK,2026-04-30 12:01:47.4 UTC+02:00,2026-04-30 12:01:47.4 UTC+02:00,1,1.3,1.5,281815.044,4827675.244,156.559,-5.70190538,43.57011345,156.559,2955.972,XIXO3M,ETRS89 / UTM zone 30N,10,8,7,11,0,Reach RS3,824349ADB8F8C4C3
122,,,282462.176,4824788.413,51.584,,-5.69274298,43.54433762,51.584,Global,0.010,0.010,0.011,0.014,1.934,m,FIX,RTK,2026-04-30 12:01:52.4 UTC+02:00,2026-04-30 12:01:52.4 UTC+02:00,1,1.4,1.6,281815.044,4827675.244,156.559,-5.70190538,43.57011345,156.559,2959.774,XIXO3M,ETRS89 / UTM zone 30N,10,8,7,11,0,Reach RS3,824349ADB8F8C4C3
123,,,282469.704,4824785.355,51.533,,-5.69264867,43.54431231,51.533,Global,0.010,0.010,0.010,0.014,1.934,m,FIX,RTK,2026-04-30 12:01:58.0 UTC+02:00,2026-04-30 12:01:58.0 UTC+02:00,1,1.3,1.5,281815.044,4827675.244,156.559,-5.70190538,43.57011345,156.559,2964.411,XIXO3M,ETRS89 / UTM zone 30N,9,8,7,11,0,Reach RS3,824349ADB8F8C4C3
124,,,282479.608,4824781.346,51.506,,-5.69252461,43.54427914,51.506,Global,0.010,0.010,0.011,0.014,1.934,m,FIX,RTK,2026-04-30 12:02:05.4 UTC+02:00,2026-04-30 12:02:05.4 UTC+02:00,1,1.4,1.6,281815.044,4827675.244,156.559,-5.70190538,43.57011345,156.559,2970.518,XIXO3M,ETRS89 / UTM zone 30N,10,8,7,11,0,Reach RS3,824349ADB8F8C4C3
125,,,282491.019,4824779.285,51.379,,-5.69238268,43.54426392,51.379,Global,0.010,0.010,0.010,0.014,1.934,m,FIX,RTK,2026-04-30 12:02:13.2 UTC+02:00,2026-04-30 12:02:13.2 UTC+02:00,1,1.4,1.6,281815.044,4827675.244,156.559,-5.70190538,43.57011345,156.559,2975.101,XIXO3M,ETRS89 / UTM zone 30N,10,8,7,11,0,Reach RS3,824349ADB8F8C4C3
126,,,282501.067,4824775.704,51.309,,-5.69225700,43.54423465,51.309,Global,0.010,0.010,0.010,0.014,1.934,m,FIX,RTK,2026-04-30 12:02:20.4 UTC+02:00,2026-04-30 12:02:20.4 UTC+02:00,1,1.4,1.6,281815.044,4827675.244,156.559,-5.70190538,43.57011345,156.559,2980.883,XIXO3M,ETRS89 / UTM zone 30N,9,8,7,11,0,Reach RS3,824349ADB8F8C4C3
127,,,282507.898,4824774.166,51.291,,-5.69217193,43.54422280,51.291,Global,0.010,0.010,0.012,0.014,1.934,m,FIX,RTK,2026-04-30 12:02:25.4 UTC+02:00,2026-04-30 12:02:25.4 UTC+02:00,1,1.4,1.7,281815.044,4827675.244,156.559,-5.70190538,43.57011345,156.559,2983.958,XIXO3M,ETRS89 / UTM zone 30N,10,8,7,11,0,Reach RS3,824349ADB8F8C4C3
